index,0
Mean Best d,4.95
Std Best d,0.6689544080129827
Mean Test Error,0.031182795698924726
Std Test Error,0.0038657372069349567
